1300833320,ant,01363ba8220ecfce5e27d5431214bb6b
1756412889,bull,20424186bf590a1070d4103eaaf2c8f5
1554590471,cat,0940d45347b2f28134e7d40d6fe09215
93864239,dog,bd0d556fc4425009c16d9aac9e4b1f73
414925330,elephant,04d317625448116440137343bdf9d8ff
385053793,fox,ebde9f207d3e42e1fc56f009793caf94
553597067,giraffe,8c3239a578c0035b263dbf9940c4f42a
108018813,hippo,b1f167c12cac197e95490e867a5390ed
169122711,iguana,bb94b77a80fb1a6398d2b1d27b59141b
467597014,jackelope,d91d909110d6480fc5a641f7593f3f64
1366707350,koala,74af69788a3ea39e61614b8cf7fa7c35
1525560245,lizard,6ef6cc2fa12736df7f94c9fac2782a9b
2126445383,monkey,a7cbcc511709dd278f2b3a24342cef77
430875270,numbat,a4691a7a1d0f73cd6214079b02e2489a
1229919220,opossum,6aefef585f6e806169c2f7cd63e9d8ae
1210366928,possum,26ec560e25986d0aa7a0d407b146d839
847382719,quail,f41b4084b58c869b85703cceb6acbea0
1195914720,rattlesnake,774f08bf9ba63d8a89c35b49e56d7ddc
1814412655,slug,6e0271a5632297c5eb9c7835f57b44c5
1920248983,tiger,dee3a4a04bf9dc2a6c1d4c4dc20517cb
2092754677,unicorn,0c97c3df25fa6fc3d0a8cf796f1ab208
1333930367,viper,611cf937c771457e5e1fadd2d3746282
503065331,whale,06ed83b1fc84c00d27291433755ce614
502421320,xerus,b4aa037bbd67ea3ec936998ef707fded
1342584270,zebra,b6018a0f12603c36e82b3d3749695842
243203264,ant,5e95abae9bde21f29c5ecbc470357e89
862197214,bull,32a68d3bc4ac98a7db5f712662eb0afb
1043516470,cat,543fdc2e4b0d17059e71e7ad1e0584d5
1476987223,dog,7d4a2f39be9fc48f000f0b55438de94b
895199436,elephant,503a40bd1c91d4ff57518ce16bfbbcaa
481136714,fox,c44dfc897735b02c5ee6c0c487e3a64c
630336895,giraffe,ad5c7a6945d895a267b620d54bb21d93
504128677,hippo,e657791380c6525257ba2045d5406f04
2035727186,iguana,d41d56fa45056e04dd6ef174e513d2d8
724201135,jackelope,9a0afa5f4faff911dcd24f1bc27889c2
919054008,koala,b97603f24d7a8891cddd90ba9ea82c90
273297331,lizard,3544da2bdb0cabca26f5b1dc8704a905
1277798202,monkey,a08c2334f4d529a9eb9acb88cd510637
1027072821,numbat,dbb71420e302f4753969bef75fc7465c
442420042,opossum,c9fe79b7cbb38a7ce1b7d59d4da617e3
1745395216,possum,c25e17ad632b75506a2214d3ea3ca3c5
246296524,quail,5ab5931daa53486d38dc94909f646c5c
1967980287,rattlesnake,7c57c57ae8120743aa924f931fd3aa7d
1724356952,slug,1e0c9bad3393baf5ddcad296811df5f7
677171794,tiger,15992731aa8f6c7377c9f7d8a8286d2c
1050415859,unicorn,c9a5ba3f0780121e2cd72bc318fac972
787240232,viper,96a4d32d72ebd960246a7a97d3dd1bdb
1524554514,whale,2fce7780f026aa6c8e05a1be33d8f69a
98846931,xerus,2c9c60ab8d1841d8f0a2807a641bb405
454169239,zebra,be9637e74fbcd5884e1c62b7e265715e
1297319849,ant,65d80720fd4a17163669bf7d701f2221
44117960,bull,c9e4048b087cdfa2c8bd90e1d1b8b59a
1788099606,cat,1f1d835bc1a6600ca9cd77a7d76cf32a
1800385180,dog,314997d3e7e3946cb1785f099171919f
546539280,elephant,9fff4586b98898d995ee2aeef4441ec3
983200228,fox,7588b3c773ea88a9190246b3acf0b5c4
2043588444,giraffe,4974abb1ef46b96fba4b30b4bfe2537f
1408736495,hippo,db2a55dabcb8dfe3471cc66d947daa50
2026716699,iguana,df290264ec7ec1fabb7549744fdc84cb
1373092019,jackelope,c1977ca92e8b06b373db219e8ffa313e
156452283,koala,48a38c54a6fa4885ddd9a4676e3825f2
360369765,lizard,531bbc7a0bf1d3e2e3d7b8d65b66ccc5
2003428915,monkey,a56fcf15b5eee1a7ee5c44d2f5cda9e5
660580960,numbat,c1a7b8575a875eb705d57c25bab6a126
248613303,opossum,aa13404c9a58355de5079a478d266ebc
580146402,possum,b1907c9bc0e6522c02be5a36b486faea
1579634968,quail,3d26cb42a886fd99ebe13a830c61571b
521910635,rattlesnake,e1d0f1c4fa845baceee084d53e4f0b8b
1857944604,slug,48fa66e75f80b74b69f24be4ae90783c
459224142,tiger,a5af2dafe1000e2c590104ba70d22663
964330677,unicorn,554b31a4140735d172fc409d03cd3d90
1455856173,viper,d6316b09d6c03b64e31ef2d72247fb73
705520666,whale,bfd9f1b546f395b177cbb4350b2da044
784827317,xerus,13dc477c706becbee5bd231e926aa9e2
1032729477,zebra,02339caf57824f4574ea3e2ef28cac03
1382692460,ant,1b169d01ca3441410d352c4f102eb61b
1835243176,bull,7e494a70d41a79dcdaa2eec6a29e06f0
1819969709,cat,725621170e3c8b5e67e6b2e705c1f9d0
759763326,dog,ebd18b31956cf5ddfadb5b275c94a1bb
1934090108,elephant,e0f8adc70348a6e407d3b198542a7f7b
126655300,fox,2930b7e8f9e7a788b39b04933f508c3f
2057083175,giraffe,e2a3797867a03cd360b645025ac75f13
1978208068,hippo,5322e3ead2b965be4cd29ead4959271f
1914754907,iguana,e9eb22c1f8674ef11cbeca5e8241d0c3
1709984707,jackelope,036dc432aa6ae754629ac3d03e28ec89
377263701,koala,ce0b8b9764c71b77e7ea7da32d79708a
750471487,lizard,a2d1bc0a2222f62ec030cd21ed4ec430
1606089504,monkey,cbd14d4f2c18194750f9acf0456324e5
1786000196,numbat,b4124e1f0acfee6fda0c0ab68b2efe19
629704538,opossum,7bf10579c78880b560936018f92e5bb9
831697875,possum,5598ebb93d6b207a757a00b501d0d5d1
1942452479,quail,354ecf76c94067c7135cbe6e8905727d
990074304,rattlesnake,b754ff58a28ebe7a4a1991b30aa23761
687643142,slug,52edb5ba636c254557b0c34b75ef0fb6
455549791,tiger,075bcdd5608aeee16f9a9db4ef2bc167
1238687607,unicorn,4fe2457960c0045b8121a9e850e32571
1267789544,viper,4642586dbcf49142e827de0b06c1a6b4
2035184760,whale,d29c468b341abbbb69a52905a656a1de
1760598242,xerus,b70b4a0a066b77d136cdb7f1ce813c83
978250501,zebra,2151f200fa2ca222de7e720ecaa93fee
